Problem,m,k,SSE,CPU
prob1.txt,15,5,138.17083333333335,0.00047479999999999745
