Problem,m,k,|LRC|,SSE,CPU
prob1.txt,15,5,5,275.58299999999997,0.00019700000000000273
